Original_Feature,Importance,Relative_Score
Lifetime_Months,0.5094102203041324,100.0
Monthly_Fee,0.44571335441301607,87.5
Plan,0.028836185532334867,5.66
Discount,0.012462947316359628,2.45
Platform,0.0030680956953563427,0.6
Renewals,0.00014165507214150894,0.03
Last_Active_Days,6.346797992716015e-05,0.01
Watch_Hours,5.1735285921710446e-05,0.01
Location,4.637533743931617e-05,0.01
Login_Days,4.615626595068441e-05,0.01
Movies_Watched,4.2286037931588115e-05,0.01
Support_Tickets,3.634672264967545e-05,0.01
Age_Group,3.182943800572818e-05,0.01
Payment_Failures,1.248534126518578e-05,0.0
Billing_Cycle,1.2422072408289052e-05,0.0
Upgrades,1.1903447790870931e-05,0.0
Downgrades,1.1074622066954106e-05,0.0
Churn,1.4591153019715648e-06,0.0
